"","id","strategies","round","assets"
"1",0,"coop",0,5
"2",1,"defect",0,9
"3",2,"random",0,7
"4",3,"random",0,8
"5",4,"tft",0,5
"6",5,"random",0,12
"7",6,"defect",0,6
"8",7,"tft",0,4
"9",8,"defect",0,18
"10",9,"random",0,12
"11",10,"coop",0,3
"12",11,"tft",0,441
"13",12,"tft",0,4
"14",13,"tft",0,0
"15",14,"defect",0,40
"16",15,"tft",0,34
"17",16,"tft",0,8
"18",17,"tft",0,85
"19",18,"defect",0,20
"20",19,"defect",0,31
"21",20,"coop",0,26
"22",21,"coop",0,1
"23",22,"tft",0,36
"24",23,"tft",0,0
"25",24,"tft",0,7
"26",25,"defect",0,0
"27",26,"tft",0,129
"28",27,"random",0,1
"29",28,"defect",0,0
"30",29,"defect",0,5
"31",30,"tft",0,3
"32",31,"random",0,8
"33",32,"random",0,56
"34",33,"tft",0,51
"35",34,"defect",0,1
"36",35,"defect",0,1
"37",36,"random",0,1
"38",37,"defect",0,0
"39",38,"tft",0,2
"40",39,"defect",0,20
"41",40,"tft",0,2
"42",41,"coop",0,0
"43",42,"defect",0,3
"44",43,"defect",0,8
"45",44,"random",0,0
"46",45,"coop",0,5
"47",46,"defect",0,13
"48",47,"tft",0,9
"49",48,"defect",0,0
"50",49,"random",0,0
"51",50,"defect",0,0
"52",51,"coop",0,27
"53",52,"random",0,5
"54",53,"coop",0,35
"55",54,"tft",0,455
"56",55,"tft",0,1
"57",56,"tft",0,3
"58",57,"random",0,45
"59",58,"coop",0,83
"60",59,"random",0,2
"61",60,"coop",0,190
"62",61,"coop",0,0
"63",62,"tft",0,1
"64",63,"defect",0,11
"65",64,"random",0,5
"66",65,"tft",0,61
"67",66,"coop",0,34
"68",67,"tft",0,64
"69",68,"tft",0,49
"70",69,"random",0,22
"71",70,"tft",0,1
"72",71,"coop",0,10
"73",72,"tft",0,206
"74",73,"random",0,869
"75",74,"tft",0,4
"76",75,"random",0,2
"77",76,"random",0,1
"78",77,"coop",0,7
"79",78,"tft",0,13
"80",79,"random",0,36
"81",80,"random",0,26
"82",81,"defect",0,6
"83",82,"random",0,54
"84",83,"random",0,415
"85",84,"random",0,2
"86",85,"coop",0,4
"87",86,"coop",0,13
"88",87,"random",0,11
"89",88,"tft",0,76
"90",89,"defect",0,0
"91",90,"random",0,2
"92",91,"random",0,4
"93",92,"tft",0,25
"94",93,"tft",0,130
"95",94,"coop",0,1
"96",95,"coop",0,116
"97",96,"tft",0,0
"98",97,"coop",0,0
"99",98,"coop",0,57
"100",99,"coop",0,9
"101",0,"coop",1,277
"102",1,"defect",1,467
"103",2,"random",1,381
"104",3,"random",1,378
"105",4,"tft",1,269
"106",5,"random",1,370
"107",6,"defect",1,476
"108",7,"tft",1,264
"109",8,"defect",1,480
"110",9,"random",1,378
"111",10,"coop",1,255
"112",11,"tft",1,701
"113",12,"tft",1,268
"114",13,"tft",1,260
"115",14,"defect",1,494
"116",15,"tft",1,314
"117",16,"tft",1,252
"118",17,"tft",1,349
"119",18,"defect",1,482
"120",19,"defect",1,481
"121",20,"coop",1,290
"122",21,"coop",1,261
"123",22,"tft",1,304
"124",23,"tft",1,264
"125",24,"tft",1,263
"126",25,"defect",1,458
"127",26,"tft",1,413
"128",27,"random",1,345
"129",28,"defect",1,450
"130",29,"defect",1,475
"131",30,"tft",1,263
"132",31,"random",1,400
"133",32,"random",1,400
"134",33,"tft",1,319
"135",34,"defect",1,463
"136",35,"defect",1,455
"137",36,"random",1,351
"138",37,"defect",1,470
"139",38,"tft",1,254
"140",39,"defect",1,458
"141",40,"tft",1,254
"142",41,"coop",1,260
"143",42,"defect",1,461
"144",43,"defect",1,466
"145",44,"random",1,364
"146",45,"coop",1,253
"147",46,"defect",1,487
"148",47,"tft",1,265
"149",48,"defect",1,458
"150",49,"random",1,348
"151",50,"defect",1,458
"152",51,"coop",1,283
"153",52,"random",1,385
"154",53,"coop",1,303
"155",54,"tft",1,731
"156",55,"tft",1,257
"157",56,"tft",1,263
"158",57,"random",1,419
"159",58,"coop",1,335
"160",59,"random",1,354
"161",60,"coop",1,454
"162",61,"coop",1,252
"163",62,"tft",1,265
"164",63,"defect",1,473
"165",64,"random",1,363
"166",65,"tft",1,313
"167",66,"coop",1,306
"168",67,"tft",1,324
"169",68,"tft",1,297
"170",69,"random",1,386
"171",70,"tft",1,253
"172",71,"coop",1,254
"173",72,"tft",1,462
"174",73,"random",1,1239
"175",74,"tft",1,260
"176",75,"random",1,366
"177",76,"random",1,387
"178",77,"coop",1,243
"179",78,"tft",1,281
"180",79,"random",1,388
"181",80,"random",1,398
"182",81,"defect",1,476
"183",82,"random",1,404
"184",83,"random",1,785
"185",84,"random",1,366
"186",85,"coop",1,248
"187",86,"coop",1,293
"188",87,"random",1,379
"189",88,"tft",1,344
"190",89,"defect",1,462
"191",90,"random",1,392
"192",91,"random",1,372
"193",92,"tft",1,273
"194",93,"tft",1,390
"195",94,"coop",1,265
"196",95,"coop",1,388
"197",96,"tft",1,252
"198",97,"coop",1,252
"199",98,"coop",1,305
"200",99,"coop",1,249
"201",0,"coop",2,309
"202",1,"defect",2,739
"203",2,"random",2,567
"204",3,"random",2,584
"205",4,"tft",2,349
"206",5,"random",2,592
"207",6,"defect",2,734
"208",7,"tft",2,332
"209",8,"defect",2,708
"210",9,"random",2,630
"211",10,"coop",2,295
"212",11,"tft",2,759
"213",12,"tft",2,330
"214",13,"tft",2,326
"215",14,"defect",2,718
"216",15,"tft",2,380
"217",16,"tft",2,330
"218",17,"tft",2,407
"219",18,"defect",2,722
"220",19,"defect",2,697
"221",20,"coop",2,310
"222",21,"coop",2,289
"223",22,"tft",2,378
"224",23,"tft",2,308
"225",24,"tft",2,347
"226",25,"defect",2,710
"227",26,"tft",2,469
"228",27,"random",2,521
"229",28,"defect",2,676
"230",29,"defect",2,685
"231",30,"tft",2,309
"232",31,"random",2,638
"233",32,"random",2,606
"234",33,"tft",2,387
"235",34,"defect",2,703
"236",35,"defect",2,669
"237",36,"random",2,537
"238",37,"defect",2,730
"239",38,"tft",2,326
"240",39,"defect",2,690
"241",40,"tft",2,336
"242",41,"coop",2,296
"243",42,"defect",2,741
"244",43,"defect",2,680
"245",44,"random",2,552
"246",45,"coop",2,289
"247",46,"defect",2,695
"248",47,"tft",2,317
"249",48,"defect",2,674
"250",49,"random",2,546
"251",50,"defect",2,690
"252",51,"coop",2,307
"253",52,"random",2,561
"254",53,"coop",2,331
"255",54,"tft",2,791
"256",55,"tft",2,311
"257",56,"tft",2,317
"258",57,"random",2,651
"259",58,"coop",2,355
"260",59,"random",2,560
"261",60,"coop",2,498
"262",61,"coop",2,264
"263",62,"tft",2,343
"264",63,"defect",2,709
"265",64,"random",2,549
"266",65,"tft",2,401
"267",66,"coop",2,318
"268",67,"tft",2,396
"269",68,"tft",2,337
"270",69,"random",2,576
"271",70,"tft",2,307
"272",71,"coop",2,270
"273",72,"tft",2,534
"274",73,"random",2,1423
"275",74,"tft",2,334
"276",75,"random",2,554
"277",76,"random",2,607
"278",77,"coop",2,271
"279",78,"tft",2,341
"280",79,"random",2,592
"281",80,"random",2,622
"282",81,"defect",2,718
"283",82,"random",2,636
"284",83,"random",2,1009
"285",84,"random",2,578
"286",85,"coop",2,284
"287",86,"coop",2,317
"288",87,"random",2,563
"289",88,"tft",2,408
"290",89,"defect",2,712
"291",90,"random",2,556
"292",91,"random",2,562
"293",92,"tft",2,345
"294",93,"tft",2,458
"295",94,"coop",2,293
"296",95,"coop",2,420
"297",96,"tft",2,320
"298",97,"coop",2,260
"299",98,"coop",2,353
"300",99,"coop",2,281
"301",0,"coop",3,337
"302",1,"defect",3,955
"303",2,"random",3,709
"304",3,"random",3,754
"305",4,"tft",3,401
"306",5,"random",3,762
"307",6,"defect",3,908
"308",7,"tft",3,368
"309",8,"defect",3,890
"310",9,"random",3,784
"311",10,"coop",3,319
"312",11,"tft",3,795
"313",12,"tft",3,372
"314",13,"tft",3,362
"315",14,"defect",3,920
"316",15,"tft",3,398
"317",16,"tft",3,352
"318",17,"tft",3,435
"319",18,"defect",3,910
"320",19,"defect",3,905
"321",20,"coop",3,322
"322",21,"coop",3,305
"323",22,"tft",3,412
"324",23,"tft",3,324
"325",24,"tft",3,391
"326",25,"defect",3,892
"327",26,"tft",3,511
"328",27,"random",3,667
"329",28,"defect",3,866
"330",29,"defect",3,867
"331",30,"tft",3,331
"332",31,"random",3,804
"333",32,"random",3,744
"334",33,"tft",3,419
"335",34,"defect",3,889
"336",35,"defect",3,809
"337",36,"random",3,665
"338",37,"defect",3,934
"339",38,"tft",3,358
"340",39,"defect",3,876
"341",40,"tft",3,380
"342",41,"coop",3,312
"343",42,"defect",3,937
"344",43,"defect",3,842
"345",44,"random",3,708
"346",45,"coop",3,305
"347",46,"defect",3,885
"348",47,"tft",3,337
"349",48,"defect",3,822
"350",49,"random",3,682
"351",50,"defect",3,868
"352",51,"coop",3,311
"353",52,"random",3,685
"354",53,"coop",3,351
"355",54,"tft",3,827
"356",55,"tft",3,341
"357",56,"tft",3,345
"358",57,"random",3,831
"359",58,"coop",3,363
"360",59,"random",3,702
"361",60,"coop",3,506
"362",61,"coop",3,272
"363",62,"tft",3,397
"364",63,"defect",3,893
"365",64,"random",3,701
"366",65,"tft",3,427
"367",66,"coop",3,338
"368",67,"tft",3,432
"369",68,"tft",3,359
"370",69,"random",3,710
"371",70,"tft",3,323
"372",71,"coop",3,306
"373",72,"tft",3,562
"374",73,"random",3,1579
"375",74,"tft",3,376
"376",75,"random",3,698
"377",76,"random",3,733
"378",77,"coop",3,279
"379",78,"tft",3,361
"380",79,"random",3,758
"381",80,"random",3,762
"382",81,"defect",3,898
"383",82,"random",3,784
"384",83,"random",3,1133
"385",84,"random",3,752
"386",85,"coop",3,296
"387",86,"coop",3,321
"388",87,"random",3,733
"389",88,"tft",3,434
"390",89,"defect",3,906
"391",90,"random",3,728
"392",91,"random",3,698
"393",92,"tft",3,371
"394",93,"tft",3,490
"395",94,"coop",3,305
"396",95,"coop",3,424
"397",96,"tft",3,344
"398",97,"coop",3,268
"399",98,"coop",3,353
"400",99,"coop",3,293
"401",0,"coop",4,353
"402",1,"defect",4,1121
"403",2,"random",4,827
"404",3,"random",4,860
"405",4,"tft",4,429
"406",5,"random",4,912
"407",6,"defect",4,1082
"408",7,"tft",4,390
"409",8,"defect",4,1056
"410",9,"random",4,898
"411",10,"coop",4,331
"412",11,"tft",4,819
"413",12,"tft",4,386
"414",13,"tft",4,382
"415",14,"defect",4,1078
"416",15,"tft",4,418
"417",16,"tft",4,378
"418",17,"tft",4,447
"419",18,"defect",4,1076
"420",19,"defect",4,1071
"421",20,"coop",4,330
"422",21,"coop",4,313
"423",22,"tft",4,426
"424",23,"tft",4,340
"425",24,"tft",4,419
"426",25,"defect",4,1040
"427",26,"tft",4,543
"428",27,"random",4,793
"429",28,"defect",4,1048
"430",29,"defect",4,1019
"431",30,"tft",4,337
"432",31,"random",4,914
"433",32,"random",4,842
"434",33,"tft",4,435
"435",34,"defect",4,1075
"436",35,"defect",4,957
"437",36,"random",4,783
"438",37,"defect",4,1088
"439",38,"tft",4,366
"440",39,"defect",4,1054
"441",40,"tft",4,398
"442",41,"coop",4,316
"443",42,"defect",4,1115
"444",43,"defect",4,978
"445",44,"random",4,804
"446",45,"coop",4,313
"447",46,"defect",4,1063
"448",47,"tft",4,341
"449",48,"defect",4,978
"450",49,"random",4,830
"451",50,"defect",4,1020
"452",51,"coop",4,315
"453",52,"random",4,801
"454",53,"coop",4,363
"455",54,"tft",4,841
"456",55,"tft",4,349
"457",56,"tft",4,359
"458",57,"random",4,963
"459",58,"coop",4,367
"460",59,"random",4,828
"461",60,"coop",4,518
"462",61,"coop",4,272
"463",62,"tft",4,423
"464",63,"defect",4,1065
"465",64,"random",4,845
"466",65,"tft",4,439
"467",66,"coop",4,342
"468",67,"tft",4,444
"469",68,"tft",4,389
"470",69,"random",4,836
"471",70,"tft",4,327
"472",71,"coop",4,322
"473",72,"tft",4,580
"474",73,"random",4,1697
"475",74,"tft",4,394
"476",75,"random",4,826
"477",76,"random",4,843
"478",77,"coop",4,283
"479",78,"tft",4,371
"480",79,"random",4,890
"481",80,"random",4,862
"482",81,"defect",4,1056
"483",82,"random",4,906
"484",83,"random",4,1247
"485",84,"random",4,862
"486",85,"coop",4,316
"487",86,"coop",4,321
"488",87,"random",4,869
"489",88,"tft",4,452
"490",89,"defect",4,1076
"491",90,"random",4,846
"492",91,"random",4,800
"493",92,"tft",4,383
"494",93,"tft",4,510
"495",94,"coop",4,309
"496",95,"coop",4,428
"497",96,"tft",4,362
"498",97,"coop",4,268
"499",98,"coop",4,353
"500",99,"coop",4,297
"501",0,"coop",5,361
"502",1,"defect",5,1281
"503",2,"random",5,929
"504",3,"random",5,980
"505",4,"tft",5,439
"506",5,"random",5,1030
"507",6,"defect",5,1214
"508",7,"tft",5,394
"509",8,"defect",5,1204
"510",9,"random",5,1000
"511",10,"coop",5,335
"512",11,"tft",5,825
"513",12,"tft",5,392
"514",13,"tft",5,394
"515",14,"defect",5,1232
"516",15,"tft",5,422
"517",16,"tft",5,388
"518",17,"tft",5,459
"519",18,"defect",5,1232
"520",19,"defect",5,1203
"521",20,"coop",5,330
"522",21,"coop",5,317
"523",22,"tft",5,434
"524",23,"tft",5,346
"525",24,"tft",5,421
"526",25,"defect",5,1174
"527",26,"tft",5,551
"528",27,"random",5,895
"529",28,"defect",5,1216
"530",29,"defect",5,1159
"531",30,"tft",5,337
"532",31,"random",5,1044
"533",32,"random",5,934
"534",33,"tft",5,441
"535",34,"defect",5,1227
"536",35,"defect",5,1085
"537",36,"random",5,859
"538",37,"defect",5,1244
"539",38,"tft",5,368
"540",39,"defect",5,1204
"541",40,"tft",5,406
"542",41,"coop",5,324
"543",42,"defect",5,1277
"544",43,"defect",5,1128
"545",44,"random",5,926
"546",45,"coop",5,317
"547",46,"defect",5,1209
"548",47,"tft",5,351
"549",48,"defect",5,1132
"550",49,"random",5,924
"551",50,"defect",5,1150
"552",51,"coop",5,315
"553",52,"random",5,911
"554",53,"coop",5,371
"555",54,"tft",5,859
"556",55,"tft",5,351
"557",56,"tft",5,365
"558",57,"random",5,1079
"559",58,"coop",5,367
"560",59,"random",5,936
"561",60,"coop",5,526
"562",61,"coop",5,276
"563",62,"tft",5,429
"564",63,"defect",5,1221
"565",64,"random",5,985
"566",65,"tft",5,455
"567",66,"coop",5,346
"568",67,"tft",5,450
"569",68,"tft",5,399
"570",69,"random",5,936
"571",70,"tft",5,327
"572",71,"coop",5,338
"573",72,"tft",5,588
"574",73,"random",5,1827
"575",74,"tft",5,406
"576",75,"random",5,936
"577",76,"random",5,935
"578",77,"coop",5,287
"579",78,"tft",5,381
"580",79,"random",5,986
"581",80,"random",5,968
"582",81,"defect",5,1186
"583",82,"random",5,1026
"584",83,"random",5,1361
"585",84,"random",5,958
"586",85,"coop",5,336
"587",86,"coop",5,325
"588",87,"random",5,983
"589",88,"tft",5,462
"590",89,"defect",5,1216
"591",90,"random",5,982
"592",91,"random",5,890
"593",92,"tft",5,391
"594",93,"tft",5,520
"595",94,"coop",5,313
"596",95,"coop",5,436
"597",96,"tft",5,368
"598",97,"coop",5,276
"599",98,"coop",5,353
"600",99,"coop",5,301
"601",0,"coop",6,365
"602",1,"defect",6,1449
"603",2,"random",6,1017
"604",3,"random",6,1104
"605",4,"tft",6,443
"606",5,"random",6,1158
"607",6,"defect",6,1342
"608",7,"tft",6,394
"609",8,"defect",6,1348
"610",9,"random",6,1122
"611",10,"coop",6,339
"612",11,"tft",6,833
"613",12,"tft",6,400
"614",13,"tft",6,394
"615",14,"defect",6,1390
"616",15,"tft",6,422
"617",16,"tft",6,394
"618",17,"tft",6,459
"619",18,"defect",6,1376
"620",19,"defect",6,1339
"621",20,"coop",6,330
"622",21,"coop",6,325
"623",22,"tft",6,440
"624",23,"tft",6,346
"625",24,"tft",6,425
"626",25,"defect",6,1310
"627",26,"tft",6,553
"628",27,"random",6,971
"629",28,"defect",6,1378
"630",29,"defect",6,1297
"631",30,"tft",6,343
"632",31,"random",6,1126
"633",32,"random",6,1042
"634",33,"tft",6,441
"635",34,"defect",6,1397
"636",35,"defect",6,1231
"637",36,"random",6,945
"638",37,"defect",6,1384
"639",38,"tft",6,368
"640",39,"defect",6,1354
"641",40,"tft",6,408
"642",41,"coop",6,324
"643",42,"defect",6,1425
"644",43,"defect",6,1266
"645",44,"random",6,1036
"646",45,"coop",6,321
"647",46,"defect",6,1357
"648",47,"tft",6,353
"649",48,"defect",6,1266
"650",49,"random",6,1028
"651",50,"defect",6,1276
"652",51,"coop",6,315
"653",52,"random",6,1019
"654",53,"coop",6,371
"655",54,"tft",6,873
"656",55,"tft",6,353
"657",56,"tft",6,365
"658",57,"random",6,1155
"659",58,"coop",6,371
"660",59,"random",6,1018
"661",60,"coop",6,526
"662",61,"coop",6,276
"663",62,"tft",6,433
"664",63,"defect",6,1377
"665",64,"random",6,1069
"666",65,"tft",6,457
"667",66,"coop",6,350
"668",67,"tft",6,452
"669",68,"tft",6,401
"670",69,"random",6,1034
"671",70,"tft",6,327
"672",71,"coop",6,338
"673",72,"tft",6,590
"674",73,"random",6,1931
"675",74,"tft",6,418
"676",75,"random",6,1032
"677",76,"random",6,1055
"678",77,"coop",6,287
"679",78,"tft",6,385
"680",79,"random",6,1086
"681",80,"random",6,1052
"682",81,"defect",6,1344
"683",82,"random",6,1136
"684",83,"random",6,1465
"685",84,"random",6,1032
"686",85,"coop",6,340
"687",86,"coop",6,325
"688",87,"random",6,1063
"689",88,"tft",6,466
"690",89,"defect",6,1342
"691",90,"random",6,1098
"692",91,"random",6,966
"693",92,"tft",6,393
"694",93,"tft",6,526
"695",94,"coop",6,313
"696",95,"coop",6,440
"697",96,"tft",6,370
"698",97,"coop",6,280
"699",98,"coop",6,353
"700",99,"coop",6,305
"701",0,"coop",7,365
"702",1,"defect",7,1593
"703",2,"random",7,1107
"704",3,"random",7,1204
"705",4,"tft",7,449
"706",5,"random",7,1246
"707",6,"defect",7,1474
"708",7,"tft",7,394
"709",8,"defect",7,1484
"710",9,"random",7,1222
"711",10,"coop",7,339
"712",11,"tft",7,833
"713",12,"tft",7,404
"714",13,"tft",7,394
"715",14,"defect",7,1536
"716",15,"tft",7,422
"717",16,"tft",7,404
"718",17,"tft",7,459
"719",18,"defect",7,1506
"720",19,"defect",7,1487
"721",20,"coop",7,330
"722",21,"coop",7,333
"723",22,"tft",7,442
"724",23,"tft",7,346
"725",24,"tft",7,433
"726",25,"defect",7,1442
"727",26,"tft",7,555
"728",27,"random",7,1071
"729",28,"defect",7,1504
"730",29,"defect",7,1423
"731",30,"tft",7,343
"732",31,"random",7,1222
"733",32,"random",7,1164
"734",33,"tft",7,441
"735",34,"defect",7,1551
"736",35,"defect",7,1371
"737",36,"random",7,1011
"738",37,"defect",7,1536
"739",38,"tft",7,368
"740",39,"defect",7,1492
"741",40,"tft",7,410
"742",41,"coop",7,328
"743",42,"defect",7,1557
"744",43,"defect",7,1422
"745",44,"random",7,1146
"746",45,"coop",7,325
"747",46,"defect",7,1489
"748",47,"tft",7,353
"749",48,"defect",7,1404
"750",49,"random",7,1120
"751",50,"defect",7,1400
"752",51,"coop",7,315
"753",52,"random",7,1101
"754",53,"coop",7,371
"755",54,"tft",7,875
"756",55,"tft",7,353
"757",56,"tft",7,365
"758",57,"random",7,1233
"759",58,"coop",7,371
"760",59,"random",7,1128
"761",60,"coop",7,526
"762",61,"coop",7,276
"763",62,"tft",7,435
"764",63,"defect",7,1523
"765",64,"random",7,1179
"766",65,"tft",7,463
"767",66,"coop",7,350
"768",67,"tft",7,452
"769",68,"tft",7,403
"770",69,"random",7,1132
"771",70,"tft",7,327
"772",71,"coop",7,342
"773",72,"tft",7,590
"774",73,"random",7,2033
"775",74,"tft",7,426
"776",75,"random",7,1118
"777",76,"random",7,1153
"778",77,"coop",7,287
"779",78,"tft",7,385
"780",79,"random",7,1196
"781",80,"random",7,1130
"782",81,"defect",7,1478
"783",82,"random",7,1230
"784",83,"random",7,1565
"785",84,"random",7,1138
"786",85,"coop",7,348
"787",86,"coop",7,325
"788",87,"random",7,1157
"789",88,"tft",7,466
"790",89,"defect",7,1466
"791",90,"random",7,1196
"792",91,"random",7,1078
"793",92,"tft",7,393
"794",93,"tft",7,526
"795",94,"coop",7,313
"796",95,"coop",7,440
"797",96,"tft",7,372
"798",97,"coop",7,280
"799",98,"coop",7,353
"800",99,"coop",7,305
"801",0,"coop",8,365
"802",1,"defect",8,1727
"803",2,"random",8,1201
"804",3,"random",8,1316
"805",4,"tft",8,449
"806",5,"random",8,1350
"807",6,"defect",8,1602
"808",7,"tft",8,394
"809",8,"defect",8,1614
"810",9,"random",8,1302
"811",10,"coop",8,339
"812",11,"tft",8,839
"813",12,"tft",8,408
"814",13,"tft",8,394
"815",14,"defect",8,1666
"816",15,"tft",8,422
"817",16,"tft",8,404
"818",17,"tft",8,459
"819",18,"defect",8,1652
"820",19,"defect",8,1601
"821",20,"coop",8,330
"822",21,"coop",8,333
"823",22,"tft",8,444
"824",23,"tft",8,346
"825",24,"tft",8,435
"826",25,"defect",8,1578
"827",26,"tft",8,557
"828",27,"random",8,1145
"829",28,"defect",8,1634
"830",29,"defect",8,1561
"831",30,"tft",8,343
"832",31,"random",8,1328
"833",32,"random",8,1256
"834",33,"tft",8,441
"835",34,"defect",8,1675
"836",35,"defect",8,1519
"837",36,"random",8,1099
"838",37,"defect",8,1678
"839",38,"tft",8,368
"840",39,"defect",8,1646
"841",40,"tft",8,410
"842",41,"coop",8,328
"843",42,"defect",8,1699
"844",43,"defect",8,1582
"845",44,"random",8,1232
"846",45,"coop",8,325
"847",46,"defect",8,1627
"848",47,"tft",8,353
"849",48,"defect",8,1534
"850",49,"random",8,1214
"851",50,"defect",8,1522
"852",51,"coop",8,315
"853",52,"random",8,1195
"854",53,"coop",8,371
"855",54,"tft",8,879
"856",55,"tft",8,353
"857",56,"tft",8,365
"858",57,"random",8,1303
"859",58,"coop",8,375
"860",59,"random",8,1254
"861",60,"coop",8,526
"862",61,"coop",8,276
"863",62,"tft",8,439
"864",63,"defect",8,1657
"865",64,"random",8,1277
"866",65,"tft",8,467
"867",66,"coop",8,350
"868",67,"tft",8,452
"869",68,"tft",8,403
"870",69,"random",8,1222
"871",70,"tft",8,327
"872",71,"coop",8,342
"873",72,"tft",8,590
"874",73,"random",8,2121
"875",74,"tft",8,430
"876",75,"random",8,1232
"877",76,"random",8,1245
"878",77,"coop",8,287
"879",78,"tft",8,385
"880",79,"random",8,1304
"881",80,"random",8,1210
"882",81,"defect",8,1606
"883",82,"random",8,1322
"884",83,"random",8,1667
"885",84,"random",8,1218
"886",85,"coop",8,348
"887",86,"coop",8,325
"888",87,"random",8,1251
"889",88,"tft",8,466
"890",89,"defect",8,1600
"891",90,"random",8,1290
"892",91,"random",8,1168
"893",92,"tft",8,393
"894",93,"tft",8,526
"895",94,"coop",8,313
"896",95,"coop",8,440
"897",96,"tft",8,374
"898",97,"coop",8,280
"899",98,"coop",8,353
"900",99,"coop",8,305
"901",0,"coop",9,365
"902",1,"defect",9,1865
"903",2,"random",9,1293
"904",3,"random",9,1386
"905",4,"tft",9,449
"906",5,"random",9,1444
"907",6,"defect",9,1742
"908",7,"tft",9,394
"909",8,"defect",9,1726
"910",9,"random",9,1402
"911",10,"coop",9,339
"912",11,"tft",9,843
"913",12,"tft",9,412
"914",13,"tft",9,394
"915",14,"defect",9,1782
"916",15,"tft",9,422
"917",16,"tft",9,406
"918",17,"tft",9,459
"919",18,"defect",9,1786
"920",19,"defect",9,1751
"921",20,"coop",9,330
"922",21,"coop",9,333
"923",22,"tft",9,444
"924",23,"tft",9,346
"925",24,"tft",9,437
"926",25,"defect",9,1722
"927",26,"tft",9,557
"928",27,"random",9,1221
"929",28,"defect",9,1780
"930",29,"defect",9,1707
"931",30,"tft",9,343
"932",31,"random",9,1448
"933",32,"random",9,1354
"934",33,"tft",9,441
"935",34,"defect",9,1815
"936",35,"defect",9,1639
"937",36,"random",9,1189
"938",37,"defect",9,1812
"939",38,"tft",9,368
"940",39,"defect",9,1780
"941",40,"tft",9,410
"942",41,"coop",9,328
"943",42,"defect",9,1853
"944",43,"defect",9,1718
"945",44,"random",9,1316
"946",45,"coop",9,329
"947",46,"defect",9,1771
"948",47,"tft",9,353
"949",48,"defect",9,1672
"950",49,"random",9,1304
"951",50,"defect",9,1664
"952",51,"coop",9,315
"953",52,"random",9,1281
"954",53,"coop",9,371
"955",54,"tft",9,881
"956",55,"tft",9,353
"957",56,"tft",9,365
"958",57,"random",9,1397
"959",58,"coop",9,375
"960",59,"random",9,1340
"961",60,"coop",9,526
"962",61,"coop",9,276
"963",62,"tft",9,439
"964",63,"defect",9,1787
"965",64,"random",9,1361
"966",65,"tft",9,467
"967",66,"coop",9,350
"968",67,"tft",9,452
"969",68,"tft",9,403
"970",69,"random",9,1314
"971",70,"tft",9,327
"972",71,"coop",9,346
"973",72,"tft",9,590
"974",73,"random",9,2197
"975",74,"tft",9,434
"976",75,"random",9,1314
"977",76,"random",9,1343
"978",77,"coop",9,287
"979",78,"tft",9,385
"980",79,"random",9,1404
"981",80,"random",9,1304
"982",81,"defect",9,1734
"983",82,"random",9,1422
"984",83,"random",9,1767
"985",84,"random",9,1310
"986",85,"coop",9,348
"987",86,"coop",9,325
"988",87,"random",9,1331
"989",88,"tft",9,466
"990",89,"defect",9,1706
"991",90,"random",9,1384
"992",91,"random",9,1246
"993",92,"tft",9,393
"994",93,"tft",9,526
"995",94,"coop",9,313
"996",95,"coop",9,440
"997",96,"tft",9,376
"998",97,"coop",9,280
"999",98,"coop",9,353
"1000",99,"coop",9,305
"1001",0,"coop",10,365
"1002",1,"defect",10,2013
"1003",2,"random",10,1399
"1004",3,"random",10,1492
"1005",4,"tft",10,449
"1006",5,"random",10,1520
"1007",6,"defect",10,1870
"1008",7,"tft",10,394
"1009",8,"defect",10,1860
"1010",9,"random",10,1514
"1011",10,"coop",10,339
"1012",11,"tft",10,843
"1013",12,"tft",10,412
"1014",13,"tft",10,394
"1015",14,"defect",10,1922
"1016",15,"tft",10,422
"1017",16,"tft",10,406
"1018",17,"tft",10,459
"1019",18,"defect",10,1924
"1020",19,"defect",10,1881
"1021",20,"coop",10,330
"1022",21,"coop",10,333
"1023",22,"tft",10,444
"1024",23,"tft",10,346
"1025",24,"tft",10,439
"1026",25,"defect",10,1854
"1027",26,"tft",10,557
"1028",27,"random",10,1291
"1029",28,"defect",10,1910
"1030",29,"defect",10,1837
"1031",30,"tft",10,343
"1032",31,"random",10,1546
"1033",32,"random",10,1454
"1034",33,"tft",10,441
"1035",34,"defect",10,1967
"1036",35,"defect",10,1777
"1037",36,"random",10,1275
"1038",37,"defect",10,1932
"1039",38,"tft",10,368
"1040",39,"defect",10,1930
"1041",40,"tft",10,410
"1042",41,"coop",10,328
"1043",42,"defect",10,1961
"1044",43,"defect",10,1854
"1045",44,"random",10,1412
"1046",45,"coop",10,329
"1047",46,"defect",10,1905
"1048",47,"tft",10,353
"1049",48,"defect",10,1814
"1050",49,"random",10,1416
"1051",50,"defect",10,1788
"1052",51,"coop",10,315
"1053",52,"random",10,1357
"1054",53,"coop",10,371
"1055",54,"tft",10,881
"1056",55,"tft",10,353
"1057",56,"tft",10,365
"1058",57,"random",10,1503
"1059",58,"coop",10,375
"1060",59,"random",10,1436
"1061",60,"coop",10,526
"1062",61,"coop",10,276
"1063",62,"tft",10,439
"1064",63,"defect",10,1913
"1065",64,"random",10,1445
"1066",65,"tft",10,467
"1067",66,"coop",10,350
"1068",67,"tft",10,452
"1069",68,"tft",10,403
"1070",69,"random",10,1388
"1071",70,"tft",10,327
"1072",71,"coop",10,346
"1073",72,"tft",10,590
"1074",73,"random",10,2257
"1075",74,"tft",10,438
"1076",75,"random",10,1402
"1077",76,"random",10,1437
"1078",77,"coop",10,287
"1079",78,"tft",10,385
"1080",79,"random",10,1514
"1081",80,"random",10,1384
"1082",81,"defect",10,1868
"1083",82,"random",10,1502
"1084",83,"random",10,1841
"1085",84,"random",10,1414
"1086",85,"coop",10,348
"1087",86,"coop",10,325
"1088",87,"random",10,1421
"1089",88,"tft",10,466
"1090",89,"defect",10,1836
"1091",90,"random",10,1468
"1092",91,"random",10,1326
"1093",92,"tft",10,393
"1094",93,"tft",10,526
"1095",94,"coop",10,313
"1096",95,"coop",10,440
"1097",96,"tft",10,378
"1098",97,"coop",10,280
"1099",98,"coop",10,353
"1100",99,"coop",10,305
"1101",0,"coop",11,365
"1102",1,"defect",11,2157
"1103",2,"random",11,1485
"1104",3,"random",11,1590
"1105",4,"tft",11,449
"1106",5,"random",11,1600
"1107",6,"defect",11,2000
"1108",7,"tft",11,394
"1109",8,"defect",11,1990
"1110",9,"random",11,1616
"1111",10,"coop",11,339
"1112",11,"tft",11,843
"1113",12,"tft",11,414
"1114",13,"tft",11,394
"1115",14,"defect",11,2044
"1116",15,"tft",11,422
"1117",16,"tft",11,406
"1118",17,"tft",11,459
"1119",18,"defect",11,2066
"1120",19,"defect",11,2019
"1121",20,"coop",11,330
"1122",21,"coop",11,333
"1123",22,"tft",11,444
"1124",23,"tft",11,346
"1125",24,"tft",11,439
"1126",25,"defect",11,1986
"1127",26,"tft",11,557
"1128",27,"random",11,1379
"1129",28,"defect",11,2040
"1130",29,"defect",11,1963
"1131",30,"tft",11,343
"1132",31,"random",11,1608
"1133",32,"random",11,1542
"1134",33,"tft",11,441
"1135",34,"defect",11,2103
"1136",35,"defect",11,1901
"1137",36,"random",11,1361
"1138",37,"defect",11,2064
"1139",38,"tft",11,368
"1140",39,"defect",11,2072
"1141",40,"tft",11,410
"1142",41,"coop",11,328
"1143",42,"defect",11,2105
"1144",43,"defect",11,1978
"1145",44,"random",11,1504
"1146",45,"coop",11,329
"1147",46,"defect",11,2031
"1148",47,"tft",11,353
"1149",48,"defect",11,1956
"1150",49,"random",11,1514
"1151",50,"defect",11,1916
"1152",51,"coop",11,315
"1153",52,"random",11,1439
"1154",53,"coop",11,371
"1155",54,"tft",11,881
"1156",55,"tft",11,353
"1157",56,"tft",11,365
"1158",57,"random",11,1609
"1159",58,"coop",11,375
"1160",59,"random",11,1526
"1161",60,"coop",11,526
"1162",61,"coop",11,276
"1163",62,"tft",11,439
"1164",63,"defect",11,2039
"1165",64,"random",11,1541
"1166",65,"tft",11,467
"1167",66,"coop",11,350
"1168",67,"tft",11,452
"1169",68,"tft",11,403
"1170",69,"random",11,1472
"1171",70,"tft",11,327
"1172",71,"coop",11,346
"1173",72,"tft",11,590
"1174",73,"random",11,2343
"1175",74,"tft",11,442
"1176",75,"random",11,1480
"1177",76,"random",11,1519
"1178",77,"coop",11,287
"1179",78,"tft",11,385
"1180",79,"random",11,1606
"1181",80,"random",11,1470
"1182",81,"defect",11,1998
"1183",82,"random",11,1610
"1184",83,"random",11,1905
"1185",84,"random",11,1510
"1186",85,"coop",11,348
"1187",86,"coop",11,325
"1188",87,"random",11,1501
"1189",88,"tft",11,466
"1190",89,"defect",11,1970
"1191",90,"random",11,1558
"1192",91,"random",11,1406
"1193",92,"tft",11,393
"1194",93,"tft",11,526
"1195",94,"coop",11,313
"1196",95,"coop",11,440
"1197",96,"tft",11,380
"1198",97,"coop",11,280
"1199",98,"coop",11,353
"1200",99,"coop",11,305
"1201",0,"coop",12,365
"1202",1,"defect",12,2285
"1203",2,"random",12,1573
"1204",3,"random",12,1698
"1205",4,"tft",12,449
"1206",5,"random",12,1682
"1207",6,"defect",12,2124
"1208",7,"tft",12,394
"1209",8,"defect",12,2092
"1210",9,"random",12,1716
"1211",10,"coop",12,339
"1212",11,"tft",12,843
"1213",12,"tft",12,414
"1214",13,"tft",12,394
"1215",14,"defect",12,2176
"1216",15,"tft",12,422
"1217",16,"tft",12,406
"1218",17,"tft",12,459
"1219",18,"defect",12,2200
"1220",19,"defect",12,2141
"1221",20,"coop",12,330
"1222",21,"coop",12,333
"1223",22,"tft",12,444
"1224",23,"tft",12,346
"1225",24,"tft",12,439
"1226",25,"defect",12,2100
"1227",26,"tft",12,557
"1228",27,"random",12,1457
"1229",28,"defect",12,2186
"1230",29,"defect",12,2085
"1231",30,"tft",12,343
"1232",31,"random",12,1710
"1233",32,"random",12,1626
"1234",33,"tft",12,441
"1235",34,"defect",12,2255
"1236",35,"defect",12,2027
"1237",36,"random",12,1433
"1238",37,"defect",12,2208
"1239",38,"tft",12,368
"1240",39,"defect",12,2196
"1241",40,"tft",12,410
"1242",41,"coop",12,328
"1243",42,"defect",12,2221
"1244",43,"defect",12,2106
"1245",44,"random",12,1600
"1246",45,"coop",12,329
"1247",46,"defect",12,2161
"1248",47,"tft",12,353
"1249",48,"defect",12,2080
"1250",49,"random",12,1598
"1251",50,"defect",12,2028
"1252",51,"coop",12,315
"1253",52,"random",12,1527
"1254",53,"coop",12,371
"1255",54,"tft",12,881
"1256",55,"tft",12,353
"1257",56,"tft",12,365
"1258",57,"random",12,1701
"1259",58,"coop",12,375
"1260",59,"random",12,1600
"1261",60,"coop",12,526
"1262",61,"coop",12,276
"1263",62,"tft",12,439
"1264",63,"defect",12,2173
"1265",64,"random",12,1639
"1266",65,"tft",12,467
"1267",66,"coop",12,350
"1268",67,"tft",12,452
"1269",68,"tft",12,403
"1270",69,"random",12,1546
"1271",70,"tft",12,327
"1272",71,"coop",12,346
"1273",72,"tft",12,590
"1274",73,"random",12,2449
"1275",74,"tft",12,446
"1276",75,"random",12,1566
"1277",76,"random",12,1601
"1278",77,"coop",12,287
"1279",78,"tft",12,385
"1280",79,"random",12,1698
"1281",80,"random",12,1566
"1282",81,"defect",12,2144
"1283",82,"random",12,1696
"1284",83,"random",12,2005
"1285",84,"random",12,1592
"1286",85,"coop",12,348
"1287",86,"coop",12,325
"1288",87,"random",12,1571
"1289",88,"tft",12,466
"1290",89,"defect",12,2092
"1291",90,"random",12,1640
"1292",91,"random",12,1492
"1293",92,"tft",12,393
"1294",93,"tft",12,526
"1295",94,"coop",12,313
"1296",95,"coop",12,440
"1297",96,"tft",12,380
"1298",97,"coop",12,280
"1299",98,"coop",12,353
"1300",99,"coop",12,305
"1301",0,"coop",13,365
"1302",1,"defect",13,2425
"1303",2,"random",13,1657
"1304",3,"random",13,1806
"1305",4,"tft",13,449
"1306",5,"random",13,1756
"1307",6,"defect",13,2236
"1308",7,"tft",13,394
"1309",8,"defect",13,2206
"1310",9,"random",13,1814
"1311",10,"coop",13,339
"1312",11,"tft",13,843
"1313",12,"tft",13,414
"1314",13,"tft",13,394
"1315",14,"defect",13,2300
"1316",15,"tft",13,422
"1317",16,"tft",13,406
"1318",17,"tft",13,459
"1319",18,"defect",13,2338
"1320",19,"defect",13,2265
"1321",20,"coop",13,330
"1322",21,"coop",13,333
"1323",22,"tft",13,444
"1324",23,"tft",13,346
"1325",24,"tft",13,439
"1326",25,"defect",13,2210
"1327",26,"tft",13,557
"1328",27,"random",13,1551
"1329",28,"defect",13,2338
"1330",29,"defect",13,2221
"1331",30,"tft",13,343
"1332",31,"random",13,1798
"1333",32,"random",13,1708
"1334",33,"tft",13,441
"1335",34,"defect",13,2403
"1336",35,"defect",13,2145
"1337",36,"random",13,1501
"1338",37,"defect",13,2332
"1339",38,"tft",13,368
"1340",39,"defect",13,2338
"1341",40,"tft",13,410
"1342",41,"coop",13,328
"1343",42,"defect",13,2343
"1344",43,"defect",13,2254
"1345",44,"random",13,1672
"1346",45,"coop",13,329
"1347",46,"defect",13,2299
"1348",47,"tft",13,353
"1349",48,"defect",13,2216
"1350",49,"random",13,1680
"1351",50,"defect",13,2156
"1352",51,"coop",13,315
"1353",52,"random",13,1605
"1354",53,"coop",13,371
"1355",54,"tft",13,881
"1356",55,"tft",13,353
"1357",56,"tft",13,365
"1358",57,"random",13,1797
"1359",58,"coop",13,375
"1360",59,"random",13,1680
"1361",60,"coop",13,526
"1362",61,"coop",13,276
"1363",62,"tft",13,439
"1364",63,"defect",13,2319
"1365",64,"random",13,1735
"1366",65,"tft",13,467
"1367",66,"coop",13,350
"1368",67,"tft",13,452
"1369",68,"tft",13,403
"1370",69,"random",13,1602
"1371",70,"tft",13,327
"1372",71,"coop",13,346
"1373",72,"tft",13,590
"1374",73,"random",13,2541
"1375",74,"tft",13,448
"1376",75,"random",13,1648
"1377",76,"random",13,1683
"1378",77,"coop",13,287
"1379",78,"tft",13,385
"1380",79,"random",13,1808
"1381",80,"random",13,1640
"1382",81,"defect",13,2278
"1383",82,"random",13,1802
"1384",83,"random",13,2075
"1385",84,"random",13,1694
"1386",85,"coop",13,348
"1387",86,"coop",13,325
"1388",87,"random",13,1651
"1389",88,"tft",13,466
"1390",89,"defect",13,2194
"1391",90,"random",13,1722
"1392",91,"random",13,1584
"1393",92,"tft",13,393
"1394",93,"tft",13,526
"1395",94,"coop",13,313
"1396",95,"coop",13,440
"1397",96,"tft",13,380
"1398",97,"coop",13,280
"1399",98,"coop",13,353
"1400",99,"coop",13,305
"1401",0,"coop",14,365
"1402",1,"defect",14,2547
"1403",2,"random",14,1733
"1404",3,"random",14,1900
"1405",4,"tft",14,449
"1406",5,"random",14,1828
"1407",6,"defect",14,2372
"1408",7,"tft",14,394
"1409",8,"defect",14,2328
"1410",9,"random",14,1906
"1411",10,"coop",14,339
"1412",11,"tft",14,843
"1413",12,"tft",14,414
"1414",13,"tft",14,394
"1415",14,"defect",14,2420
"1416",15,"tft",14,422
"1417",16,"tft",14,406
"1418",17,"tft",14,459
"1419",18,"defect",14,2504
"1420",19,"defect",14,2391
"1421",20,"coop",14,330
"1422",21,"coop",14,333
"1423",22,"tft",14,444
"1424",23,"tft",14,346
"1425",24,"tft",14,439
"1426",25,"defect",14,2336
"1427",26,"tft",14,557
"1428",27,"random",14,1645
"1429",28,"defect",14,2462
"1430",29,"defect",14,2339
"1431",30,"tft",14,343
"1432",31,"random",14,1896
"1433",32,"random",14,1792
"1434",33,"tft",14,441
"1435",34,"defect",14,2537
"1436",35,"defect",14,2283
"1437",36,"random",14,1579
"1438",37,"defect",14,2472
"1439",38,"tft",14,368
"1440",39,"defect",14,2456
"1441",40,"tft",14,410
"1442",41,"coop",14,328
"1443",42,"defect",14,2469
"1444",43,"defect",14,2398
"1445",44,"random",14,1758
"1446",45,"coop",14,329
"1447",46,"defect",14,2429
"1448",47,"tft",14,353
"1449",48,"defect",14,2336
"1450",49,"random",14,1762
"1451",50,"defect",14,2268
"1452",51,"coop",14,315
"1453",52,"random",14,1691
"1454",53,"coop",14,371
"1455",54,"tft",14,881
"1456",55,"tft",14,353
"1457",56,"tft",14,365
"1458",57,"random",14,1907
"1459",58,"coop",14,375
"1460",59,"random",14,1764
"1461",60,"coop",14,526
"1462",61,"coop",14,276
"1463",62,"tft",14,439
"1464",63,"defect",14,2457
"1465",64,"random",14,1827
"1466",65,"tft",14,467
"1467",66,"coop",14,350
"1468",67,"tft",14,452
"1469",68,"tft",14,403
"1470",69,"random",14,1690
"1471",70,"tft",14,327
"1472",71,"coop",14,346
"1473",72,"tft",14,590
"1474",73,"random",14,2633
"1475",74,"tft",14,452
"1476",75,"random",14,1728
"1477",76,"random",14,1783
"1478",77,"coop",14,287
"1479",78,"tft",14,385
"1480",79,"random",14,1894
"1481",80,"random",14,1732
"1482",81,"defect",14,2420
"1483",82,"random",14,1896
"1484",83,"random",14,2145
"1485",84,"random",14,1778
"1486",85,"coop",14,348
"1487",86,"coop",14,325
"1488",87,"random",14,1737
"1489",88,"tft",14,466
"1490",89,"defect",14,2306
"1491",90,"random",14,1812
"1492",91,"random",14,1660
"1493",92,"tft",14,393
"1494",93,"tft",14,526
"1495",94,"coop",14,313
"1496",95,"coop",14,440
"1497",96,"tft",14,380
"1498",97,"coop",14,280
"1499",98,"coop",14,353
"1500",99,"coop",14,305
"1501",0,"coop",15,365
"1502",1,"defect",15,2669
"1503",2,"random",15,1809
"1504",3,"random",15,2014
"1505",4,"tft",15,449
"1506",5,"random",15,1912
"1507",6,"defect",15,2494
"1508",7,"tft",15,394
"1509",8,"defect",15,2450
"1510",9,"random",15,1972
"1511",10,"coop",15,339
"1512",11,"tft",15,843
"1513",12,"tft",15,414
"1514",13,"tft",15,394
"1515",14,"defect",15,2552
"1516",15,"tft",15,422
"1517",16,"tft",15,406
"1518",17,"tft",15,459
"1519",18,"defect",15,2638
"1520",19,"defect",15,2521
"1521",20,"coop",15,330
"1522",21,"coop",15,333
"1523",22,"tft",15,444
"1524",23,"tft",15,346
"1525",24,"tft",15,439
"1526",25,"defect",15,2458
"1527",26,"tft",15,557
"1528",27,"random",15,1717
"1529",28,"defect",15,2598
"1530",29,"defect",15,2481
"1531",30,"tft",15,343
"1532",31,"random",15,2004
"1533",32,"random",15,1896
"1534",33,"tft",15,441
"1535",34,"defect",15,2695
"1536",35,"defect",15,2405
"1537",36,"random",15,1657
"1538",37,"defect",15,2604
"1539",38,"tft",15,368
"1540",39,"defect",15,2602
"1541",40,"tft",15,410
"1542",41,"coop",15,328
"1543",42,"defect",15,2595
"1544",43,"defect",15,2532
"1545",44,"random",15,1846
"1546",45,"coop",15,329
"1547",46,"defect",15,2545
"1548",47,"tft",15,353
"1549",48,"defect",15,2450
"1550",49,"random",15,1820
"1551",50,"defect",15,2388
"1552",51,"coop",15,315
"1553",52,"random",15,1789
"1554",53,"coop",15,371
"1555",54,"tft",15,881
"1556",55,"tft",15,353
"1557",56,"tft",15,365
"1558",57,"random",15,1995
"1559",58,"coop",15,375
"1560",59,"random",15,1840
"1561",60,"coop",15,526
"1562",61,"coop",15,276
"1563",62,"tft",15,439
"1564",63,"defect",15,2577
"1565",64,"random",15,1911
"1566",65,"tft",15,467
"1567",66,"coop",15,350
"1568",67,"tft",15,452
"1569",68,"tft",15,403
"1570",69,"random",15,1752
"1571",70,"tft",15,327
"1572",71,"coop",15,346
"1573",72,"tft",15,590
"1574",73,"random",15,2709
"1575",74,"tft",15,454
"1576",75,"random",15,1834
"1577",76,"random",15,1897
"1578",77,"coop",15,287
"1579",78,"tft",15,385
"1580",79,"random",15,1972
"1581",80,"random",15,1832
"1582",81,"defect",15,2548
"1583",82,"random",15,1994
"1584",83,"random",15,2235
"1585",84,"random",15,1874
"1586",85,"coop",15,348
"1587",86,"coop",15,325
"1588",87,"random",15,1809
"1589",88,"tft",15,466
"1590",89,"defect",15,2422
"1591",90,"random",15,1902
"1592",91,"random",15,1744
"1593",92,"tft",15,393
"1594",93,"tft",15,526
"1595",94,"coop",15,313
"1596",95,"coop",15,440
"1597",96,"tft",15,380
"1598",97,"coop",15,280
"1599",98,"coop",15,353
"1600",99,"coop",15,305
"1601",0,"coop",16,365
"1602",1,"defect",16,2801
"1603",2,"random",16,1869
"1604",3,"random",16,2090
"1605",4,"tft",16,449
"1606",5,"random",16,2000
"1607",6,"defect",16,2612
"1608",7,"tft",16,394
"1609",8,"defect",16,2584
"1610",9,"random",16,2072
"1611",10,"coop",16,339
"1612",11,"tft",16,843
"1613",12,"tft",16,414
"1614",13,"tft",16,394
"1615",14,"defect",16,2674
"1616",15,"tft",16,422
"1617",16,"tft",16,406
"1618",17,"tft",16,459
"1619",18,"defect",16,2782
"1620",19,"defect",16,2627
"1621",20,"coop",16,330
"1622",21,"coop",16,333
"1623",22,"tft",16,444
"1624",23,"tft",16,346
"1625",24,"tft",16,439
"1626",25,"defect",16,2582
"1627",26,"tft",16,557
"1628",27,"random",16,1829
"1629",28,"defect",16,2738
"1630",29,"defect",16,2583
"1631",30,"tft",16,343
"1632",31,"random",16,2098
"1633",32,"random",16,2000
"1634",33,"tft",16,441
"1635",34,"defect",16,2833
"1636",35,"defect",16,2519
"1637",36,"random",16,1747
"1638",37,"defect",16,2740
"1639",38,"tft",16,368
"1640",39,"defect",16,2732
"1641",40,"tft",16,410
"1642",41,"coop",16,328
"1643",42,"defect",16,2733
"1644",43,"defect",16,2646
"1645",44,"random",16,1938
"1646",45,"coop",16,329
"1647",46,"defect",16,2681
"1648",47,"tft",16,353
"1649",48,"defect",16,2552
"1650",49,"random",16,1896
"1651",50,"defect",16,2512
"1652",51,"coop",16,315
"1653",52,"random",16,1895
"1654",53,"coop",16,371
"1655",54,"tft",16,881
"1656",55,"tft",16,353
"1657",56,"tft",16,365
"1658",57,"random",16,2069
"1659",58,"coop",16,375
"1660",59,"random",16,1936
"1661",60,"coop",16,526
"1662",61,"coop",16,276
"1663",62,"tft",16,439
"1664",63,"defect",16,2709
"1665",64,"random",16,2001
"1666",65,"tft",16,467
"1667",66,"coop",16,350
"1668",67,"tft",16,452
"1669",68,"tft",16,403
"1670",69,"random",16,1814
"1671",70,"tft",16,327
"1672",71,"coop",16,346
"1673",72,"tft",16,590
"1674",73,"random",16,2777
"1675",74,"tft",16,454
"1676",75,"random",16,1930
"1677",76,"random",16,1985
"1678",77,"coop",16,287
"1679",78,"tft",16,385
"1680",79,"random",16,2052
"1681",80,"random",16,1912
"1682",81,"defect",16,2668
"1683",82,"random",16,2078
"1684",83,"random",16,2311
"1685",84,"random",16,1976
"1686",85,"coop",16,348
"1687",86,"coop",16,325
"1688",87,"random",16,1887
"1689",88,"tft",16,466
"1690",89,"defect",16,2538
"1691",90,"random",16,1980
"1692",91,"random",16,1812
"1693",92,"tft",16,393
"1694",93,"tft",16,526
"1695",94,"coop",16,313
"1696",95,"coop",16,440
"1697",96,"tft",16,380
"1698",97,"coop",16,280
"1699",98,"coop",16,353
"1700",99,"coop",16,305
"1701",0,"coop",17,365
"1702",1,"defect",17,2925
"1703",2,"random",17,1955
"1704",3,"random",17,2200
"1705",4,"tft",17,449
"1706",5,"random",17,2110
"1707",6,"defect",17,2742
"1708",7,"tft",17,394
"1709",8,"defect",17,2702
"1710",9,"random",17,2166
"1711",10,"coop",17,339
"1712",11,"tft",17,843
"1713",12,"tft",17,414
"1714",13,"tft",17,394
"1715",14,"defect",17,2794
"1716",15,"tft",17,422
"1717",16,"tft",17,406
"1718",17,"tft",17,459
"1719",18,"defect",17,2898
"1720",19,"defect",17,2749
"1721",20,"coop",17,330
"1722",21,"coop",17,333
"1723",22,"tft",17,444
"1724",23,"tft",17,346
"1725",24,"tft",17,439
"1726",25,"defect",17,2690
"1727",26,"tft",17,557
"1728",27,"random",17,1929
"1729",28,"defect",17,2858
"1730",29,"defect",17,2701
"1731",30,"tft",17,343
"1732",31,"random",17,2166
"1733",32,"random",17,2086
"1734",33,"tft",17,441
"1735",34,"defect",17,2959
"1736",35,"defect",17,2649
"1737",36,"random",17,1825
"1738",37,"defect",17,2868
"1739",38,"tft",17,368
"1740",39,"defect",17,2864
"1741",40,"tft",17,410
"1742",41,"coop",17,328
"1743",42,"defect",17,2883
"1744",43,"defect",17,2764
"1745",44,"random",17,2024
"1746",45,"coop",17,329
"1747",46,"defect",17,2797
"1748",47,"tft",17,353
"1749",48,"defect",17,2678
"1750",49,"random",17,1978
"1751",50,"defect",17,2634
"1752",51,"coop",17,315
"1753",52,"random",17,1975
"1754",53,"coop",17,371
"1755",54,"tft",17,881
"1756",55,"tft",17,353
"1757",56,"tft",17,365
"1758",57,"random",17,2139
"1759",58,"coop",17,375
"1760",59,"random",17,2032
"1761",60,"coop",17,526
"1762",61,"coop",17,276
"1763",62,"tft",17,439
"1764",63,"defect",17,2857
"1765",64,"random",17,2085
"1766",65,"tft",17,467
"1767",66,"coop",17,350
"1768",67,"tft",17,452
"1769",68,"tft",17,403
"1770",69,"random",17,1898
"1771",70,"tft",17,327
"1772",71,"coop",17,346
"1773",72,"tft",17,590
"1774",73,"random",17,2855
"1775",74,"tft",17,454
"1776",75,"random",17,2018
"1777",76,"random",17,2065
"1778",77,"coop",17,287
"1779",78,"tft",17,385
"1780",79,"random",17,2128
"1781",80,"random",17,1992
"1782",81,"defect",17,2794
"1783",82,"random",17,2164
"1784",83,"random",17,2405
"1785",84,"random",17,2050
"1786",85,"coop",17,348
"1787",86,"coop",17,325
"1788",87,"random",17,1967
"1789",88,"tft",17,466
"1790",89,"defect",17,2652
"1791",90,"random",17,2068
"1792",91,"random",17,1876
"1793",92,"tft",17,393
"1794",93,"tft",17,526
"1795",94,"coop",17,313
"1796",95,"coop",17,440
"1797",96,"tft",17,380
"1798",97,"coop",17,280
"1799",98,"coop",17,353
"1800",99,"coop",17,305
"1801",0,"coop",18,365
"1802",1,"defect",18,3047
"1803",2,"random",18,2039
"1804",3,"random",18,2282
"1805",4,"tft",18,449
"1806",5,"random",18,2182
"1807",6,"defect",18,2848
"1808",7,"tft",18,394
"1809",8,"defect",18,2828
"1810",9,"random",18,2258
"1811",10,"coop",18,339
"1812",11,"tft",18,843
"1813",12,"tft",18,414
"1814",13,"tft",18,394
"1815",14,"defect",18,2926
"1816",15,"tft",18,422
"1817",16,"tft",18,406
"1818",17,"tft",18,459
"1819",18,"defect",18,3034
"1820",19,"defect",18,2883
"1821",20,"coop",18,330
"1822",21,"coop",18,333
"1823",22,"tft",18,444
"1824",23,"tft",18,346
"1825",24,"tft",18,439
"1826",25,"defect",18,2806
"1827",26,"tft",18,557
"1828",27,"random",18,2005
"1829",28,"defect",18,2974
"1830",29,"defect",18,2835
"1831",30,"tft",18,343
"1832",31,"random",18,2276
"1833",32,"random",18,2166
"1834",33,"tft",18,441
"1835",34,"defect",18,3095
"1836",35,"defect",18,2773
"1837",36,"random",18,1875
"1838",37,"defect",18,2996
"1839",38,"tft",18,368
"1840",39,"defect",18,2996
"1841",40,"tft",18,410
"1842",41,"coop",18,328
"1843",42,"defect",18,3025
"1844",43,"defect",18,2882
"1845",44,"random",18,2104
"1846",45,"coop",18,329
"1847",46,"defect",18,2921
"1848",47,"tft",18,353
"1849",48,"defect",18,2784
"1850",49,"random",18,2088
"1851",50,"defect",18,2732
"1852",51,"coop",18,315
"1853",52,"random",18,2063
"1854",53,"coop",18,371
"1855",54,"tft",18,881
"1856",55,"tft",18,353
"1857",56,"tft",18,365
"1858",57,"random",18,2211
"1859",58,"coop",18,375
"1860",59,"random",18,2130
"1861",60,"coop",18,526
"1862",61,"coop",18,276
"1863",62,"tft",18,439
"1864",63,"defect",18,2989
"1865",64,"random",18,2153
"1866",65,"tft",18,467
"1867",66,"coop",18,350
"1868",67,"tft",18,452
"1869",68,"tft",18,403
"1870",69,"random",18,1976
"1871",70,"tft",18,327
"1872",71,"coop",18,346
"1873",72,"tft",18,590
"1874",73,"random",18,2943
"1875",74,"tft",18,454
"1876",75,"random",18,2082
"1877",76,"random",18,2145
"1878",77,"coop",18,287
"1879",78,"tft",18,385
"1880",79,"random",18,2206
"1881",80,"random",18,2068
"1882",81,"defect",18,2926
"1883",82,"random",18,2266
"1884",83,"random",18,2475
"1885",84,"random",18,2138
"1886",85,"coop",18,348
"1887",86,"coop",18,325
"1888",87,"random",18,2043
"1889",88,"tft",18,466
"1890",89,"defect",18,2766
"1891",90,"random",18,2154
"1892",91,"random",18,1964
"1893",92,"tft",18,393
"1894",93,"tft",18,526
"1895",94,"coop",18,313
"1896",95,"coop",18,440
"1897",96,"tft",18,380
"1898",97,"coop",18,280
"1899",98,"coop",18,353
"1900",99,"coop",18,305
"1901",0,"coop",19,365
"1902",1,"defect",19,3173
"1903",2,"random",19,2131
"1904",3,"random",19,2388
"1905",4,"tft",19,449
"1906",5,"random",19,2282
"1907",6,"defect",19,2962
"1908",7,"tft",19,394
"1909",8,"defect",19,2940
"1910",9,"random",19,2324
"1911",10,"coop",19,339
"1912",11,"tft",19,843
"1913",12,"tft",19,414
"1914",13,"tft",19,394
"1915",14,"defect",19,3042
"1916",15,"tft",19,422
"1917",16,"tft",19,406
"1918",17,"tft",19,459
"1919",18,"defect",19,3154
"1920",19,"defect",19,2993
"1921",20,"coop",19,330
"1922",21,"coop",19,333
"1923",22,"tft",19,444
"1924",23,"tft",19,346
"1925",24,"tft",19,439
"1926",25,"defect",19,2914
"1927",26,"tft",19,557
"1928",27,"random",19,2093
"1929",28,"defect",19,3118
"1930",29,"defect",19,2953
"1931",30,"tft",19,343
"1932",31,"random",19,2350
"1933",32,"random",19,2258
"1934",33,"tft",19,441
"1935",34,"defect",19,3219
"1936",35,"defect",19,2905
"1937",36,"random",19,1957
"1938",37,"defect",19,3120
"1939",38,"tft",19,368
"1940",39,"defect",19,3124
"1941",40,"tft",19,410
"1942",41,"coop",19,328
"1943",42,"defect",19,3163
"1944",43,"defect",19,3014
"1945",44,"random",19,2206
"1946",45,"coop",19,329
"1947",46,"defect",19,3045
"1948",47,"tft",19,353
"1949",48,"defect",19,2914
"1950",49,"random",19,2176
"1951",50,"defect",19,2846
"1952",51,"coop",19,315
"1953",52,"random",19,2129
"1954",53,"coop",19,371
"1955",54,"tft",19,881
"1956",55,"tft",19,353
"1957",56,"tft",19,365
"1958",57,"random",19,2287
"1959",58,"coop",19,375
"1960",59,"random",19,2214
"1961",60,"coop",19,526
"1962",61,"coop",19,276
"1963",62,"tft",19,439
"1964",63,"defect",19,3097
"1965",64,"random",19,2235
"1966",65,"tft",19,467
"1967",66,"coop",19,350
"1968",67,"tft",19,452
"1969",68,"tft",19,403
"1970",69,"random",19,2050
"1971",70,"tft",19,327
"1972",71,"coop",19,346
"1973",72,"tft",19,590
"1974",73,"random",19,3013
"1975",74,"tft",19,454
"1976",75,"random",19,2168
"1977",76,"random",19,2239
"1978",77,"coop",19,287
"1979",78,"tft",19,385
"1980",79,"random",19,2298
"1981",80,"random",19,2144
"1982",81,"defect",19,3046
"1983",82,"random",19,2366
"1984",83,"random",19,2549
"1985",84,"random",19,2226
"1986",85,"coop",19,348
"1987",86,"coop",19,325
"1988",87,"random",19,2117
"1989",88,"tft",19,466
"1990",89,"defect",19,2872
"1991",90,"random",19,2232
"1992",91,"random",19,2026
"1993",92,"tft",19,393
"1994",93,"tft",19,526
"1995",94,"coop",19,313
"1996",95,"coop",19,440
"1997",96,"tft",19,380
"1998",97,"coop",19,280
"1999",98,"coop",19,353
"2000",99,"coop",19,305
"2001",0,"coop",20,365
"2002",1,"defect",20,3299
"2003",2,"random",20,2191
"2004",3,"random",20,2464
"2005",4,"tft",20,449
"2006",5,"random",20,2360
"2007",6,"defect",20,3082
"2008",7,"tft",20,394
"2009",8,"defect",20,3048
"2010",9,"random",20,2408
"2011",10,"coop",20,339
"2012",11,"tft",20,843
"2013",12,"tft",20,414
"2014",13,"tft",20,394
"2015",14,"defect",20,3146
"2016",15,"tft",20,422
"2017",16,"tft",20,406
"2018",17,"tft",20,459
"2019",18,"defect",20,3308
"2020",19,"defect",20,3091
"2021",20,"coop",20,330
"2022",21,"coop",20,333
"2023",22,"tft",20,444
"2024",23,"tft",20,346
"2025",24,"tft",20,439
"2026",25,"defect",20,3030
"2027",26,"tft",20,557
"2028",27,"random",20,2159
"2029",28,"defect",20,3264
"2030",29,"defect",20,3079
"2031",30,"tft",20,343
"2032",31,"random",20,2432
"2033",32,"random",20,2352
"2034",33,"tft",20,441
"2035",34,"defect",20,3355
"2036",35,"defect",20,3011
"2037",36,"random",20,2043
"2038",37,"defect",20,3244
"2039",38,"tft",20,368
"2040",39,"defect",20,3258
"2041",40,"tft",20,410
"2042",41,"coop",20,328
"2043",42,"defect",20,3291
"2044",43,"defect",20,3130
"2045",44,"random",20,2302
"2046",45,"coop",20,329
"2047",46,"defect",20,3185
"2048",47,"tft",20,353
"2049",48,"defect",20,3048
"2050",49,"random",20,2270
"2051",50,"defect",20,2956
"2052",51,"coop",20,315
"2053",52,"random",20,2209
"2054",53,"coop",20,371
"2055",54,"tft",20,881
"2056",55,"tft",20,353
"2057",56,"tft",20,365
"2058",57,"random",20,2365
"2059",58,"coop",20,375
"2060",59,"random",20,2292
"2061",60,"coop",20,526
"2062",61,"coop",20,276
"2063",62,"tft",20,439
"2064",63,"defect",20,3227
"2065",64,"random",20,2301
"2066",65,"tft",20,467
"2067",66,"coop",20,350
"2068",67,"tft",20,452
"2069",68,"tft",20,403
"2070",69,"random",20,2118
"2071",70,"tft",20,327
"2072",71,"coop",20,346
"2073",72,"tft",20,590
"2074",73,"random",20,3077
"2075",74,"tft",20,454
"2076",75,"random",20,2246
"2077",76,"random",20,2333
"2078",77,"coop",20,287
"2079",78,"tft",20,385
"2080",79,"random",20,2372
"2081",80,"random",20,2230
"2082",81,"defect",20,3164
"2083",82,"random",20,2466
"2084",83,"random",20,2637
"2085",84,"random",20,2304
"2086",85,"coop",20,348
"2087",86,"coop",20,325
"2088",87,"random",20,2205
"2089",88,"tft",20,466
"2090",89,"defect",20,2990
"2091",90,"random",20,2320
"2092",91,"random",20,2106
"2093",92,"tft",20,393
"2094",93,"tft",20,526
"2095",94,"coop",20,313
"2096",95,"coop",20,440
"2097",96,"tft",20,380
"2098",97,"coop",20,280
"2099",98,"coop",20,353
"2100",99,"coop",20,305
"2101",0,"coop",21,365
"2102",1,"defect",21,3425
"2103",2,"random",21,2269
"2104",3,"random",21,2578
"2105",4,"tft",21,449
"2106",5,"random",21,2438
"2107",6,"defect",21,3196
"2108",7,"tft",21,394
"2109",8,"defect",21,3180
"2110",9,"random",21,2506
"2111",10,"coop",21,339
"2112",11,"tft",21,843
"2113",12,"tft",21,414
"2114",13,"tft",21,394
"2115",14,"defect",21,3266
"2116",15,"tft",21,422
"2117",16,"tft",21,406
"2118",17,"tft",21,459
"2119",18,"defect",21,3426
"2120",19,"defect",21,3205
"2121",20,"coop",21,330
"2122",21,"coop",21,333
"2123",22,"tft",21,444
"2124",23,"tft",21,346
"2125",24,"tft",21,439
"2126",25,"defect",21,3120
"2127",26,"tft",21,557
"2128",27,"random",21,2255
"2129",28,"defect",21,3406
"2130",29,"defect",21,3205
"2131",30,"tft",21,343
"2132",31,"random",21,2530
"2133",32,"random",21,2438
"2134",33,"tft",21,441
"2135",34,"defect",21,3465
"2136",35,"defect",21,3125
"2137",36,"random",21,2137
"2138",37,"defect",21,3350
"2139",38,"tft",21,368
"2140",39,"defect",21,3388
"2141",40,"tft",21,410
"2142",41,"coop",21,328
"2143",42,"defect",21,3419
"2144",43,"defect",21,3224
"2145",44,"random",21,2388
"2146",45,"coop",21,329
"2147",46,"defect",21,3313
"2148",47,"tft",21,353
"2149",48,"defect",21,3162
"2150",49,"random",21,2360
"2151",50,"defect",21,3080
"2152",51,"coop",21,315
"2153",52,"random",21,2263
"2154",53,"coop",21,371
"2155",54,"tft",21,881
"2156",55,"tft",21,353
"2157",56,"tft",21,365
"2158",57,"random",21,2441
"2159",58,"coop",21,375
"2160",59,"random",21,2378
"2161",60,"coop",21,526
"2162",61,"coop",21,276
"2163",62,"tft",21,439
"2164",63,"defect",21,3327
"2165",64,"random",21,2377
"2166",65,"tft",21,467
"2167",66,"coop",21,350
"2168",67,"tft",21,452
"2169",68,"tft",21,403
"2170",69,"random",21,2196
"2171",70,"tft",21,327
"2172",71,"coop",21,346
"2173",72,"tft",21,590
"2174",73,"random",21,3161
"2175",74,"tft",21,454
"2176",75,"random",21,2348
"2177",76,"random",21,2419
"2178",77,"coop",21,287
"2179",78,"tft",21,385
"2180",79,"random",21,2452
"2181",80,"random",21,2306
"2182",81,"defect",21,3284
"2183",82,"random",21,2550
"2184",83,"random",21,2719
"2185",84,"random",21,2384
"2186",85,"coop",21,348
"2187",86,"coop",21,325
"2188",87,"random",21,2273
"2189",88,"tft",21,466
"2190",89,"defect",21,3096
"2191",90,"random",21,2402
"2192",91,"random",21,2180
"2193",92,"tft",21,393
"2194",93,"tft",21,526
"2195",94,"coop",21,313
"2196",95,"coop",21,440
"2197",96,"tft",21,380
"2198",97,"coop",21,280
"2199",98,"coop",21,353
"2200",99,"coop",21,305
"2201",0,"coop",22,365
"2202",1,"defect",22,3539
"2203",2,"random",22,2353
"2204",3,"random",22,2678
"2205",4,"tft",22,449
"2206",5,"random",22,2528
"2207",6,"defect",22,3298
"2208",7,"tft",22,394
"2209",8,"defect",22,3294
"2210",9,"random",22,2608
"2211",10,"coop",22,339
"2212",11,"tft",22,843
"2213",12,"tft",22,414
"2214",13,"tft",22,394
"2215",14,"defect",22,3372
"2216",15,"tft",22,422
"2217",16,"tft",22,406
"2218",17,"tft",22,459
"2219",18,"defect",22,3556
"2220",19,"defect",22,3305
"2221",20,"coop",22,330
"2222",21,"coop",22,333
"2223",22,"tft",22,444
"2224",23,"tft",22,346
"2225",24,"tft",22,439
"2226",25,"defect",22,3228
"2227",26,"tft",22,557
"2228",27,"random",22,2341
"2229",28,"defect",22,3548
"2230",29,"defect",22,3313
"2231",30,"tft",22,343
"2232",31,"random",22,2628
"2233",32,"random",22,2510
"2234",33,"tft",22,441
"2235",34,"defect",22,3587
"2236",35,"defect",22,3229
"2237",36,"random",22,2229
"2238",37,"defect",22,3476
"2239",38,"tft",22,368
"2240",39,"defect",22,3506
"2241",40,"tft",22,410
"2242",41,"coop",22,328
"2243",42,"defect",22,3551
"2244",43,"defect",22,3338
"2245",44,"random",22,2454
"2246",45,"coop",22,329
"2247",46,"defect",22,3445
"2248",47,"tft",22,353
"2249",48,"defect",22,3270
"2250",49,"random",22,2438
"2251",50,"defect",22,3178
"2252",51,"coop",22,315
"2253",52,"random",22,2339
"2254",53,"coop",22,371
"2255",54,"tft",22,881
"2256",55,"tft",22,353
"2257",56,"tft",22,365
"2258",57,"random",22,2533
"2259",58,"coop",22,375
"2260",59,"random",22,2456
"2261",60,"coop",22,526
"2262",61,"coop",22,276
"2263",62,"tft",22,439
"2264",63,"defect",22,3447
"2265",64,"random",22,2461
"2266",65,"tft",22,467
"2267",66,"coop",22,350
"2268",67,"tft",22,452
"2269",68,"tft",22,403
"2270",69,"random",22,2284
"2271",70,"tft",22,327
"2272",71,"coop",22,346
"2273",72,"tft",22,590
"2274",73,"random",22,3243
"2275",74,"tft",22,454
"2276",75,"random",22,2422
"2277",76,"random",22,2509
"2278",77,"coop",22,287
"2279",78,"tft",22,385
"2280",79,"random",22,2528
"2281",80,"random",22,2380
"2282",81,"defect",22,3386
"2283",82,"random",22,2638
"2284",83,"random",22,2813
"2285",84,"random",22,2454
"2286",85,"coop",22,348
"2287",86,"coop",22,325
"2288",87,"random",22,2353
"2289",88,"tft",22,466
"2290",89,"defect",22,3202
"2291",90,"random",22,2480
"2292",91,"random",22,2248
"2293",92,"tft",22,393
"2294",93,"tft",22,526
"2295",94,"coop",22,313
"2296",95,"coop",22,440
"2297",96,"tft",22,380
"2298",97,"coop",22,280
"2299",98,"coop",22,353
"2300",99,"coop",22,305
"2301",0,"coop",23,365
"2302",1,"defect",23,3675
"2303",2,"random",23,2439
"2304",3,"random",23,2736
"2305",4,"tft",23,449
"2306",5,"random",23,2602
"2307",6,"defect",23,3424
"2308",7,"tft",23,394
"2309",8,"defect",23,3398
"2310",9,"random",23,2682
"2311",10,"coop",23,339
"2312",11,"tft",23,843
"2313",12,"tft",23,414
"2314",13,"tft",23,394
"2315",14,"defect",23,3478
"2316",15,"tft",23,422
"2317",16,"tft",23,406
"2318",17,"tft",23,459
"2319",18,"defect",23,3702
"2320",19,"defect",23,3409
"2321",20,"coop",23,330
"2322",21,"coop",23,333
"2323",22,"tft",23,444
"2324",23,"tft",23,346
"2325",24,"tft",23,439
"2326",25,"defect",23,3322
"2327",26,"tft",23,557
"2328",27,"random",23,2437
"2329",28,"defect",23,3666
"2330",29,"defect",23,3423
"2331",30,"tft",23,343
"2332",31,"random",23,2714
"2333",32,"random",23,2600
"2334",33,"tft",23,441
"2335",34,"defect",23,3709
"2336",35,"defect",23,3353
"2337",36,"random",23,2311
"2338",37,"defect",23,3598
"2339",38,"tft",23,368
"2340",39,"defect",23,3632
"2341",40,"tft",23,410
"2342",41,"coop",23,328
"2343",42,"defect",23,3691
"2344",43,"defect",23,3444
"2345",44,"random",23,2532
"2346",45,"coop",23,329
"2347",46,"defect",23,3573
"2348",47,"tft",23,353
"2349",48,"defect",23,3388
"2350",49,"random",23,2516
"2351",50,"defect",23,3280
"2352",51,"coop",23,315
"2353",52,"random",23,2421
"2354",53,"coop",23,371
"2355",54,"tft",23,881
"2356",55,"tft",23,353
"2357",56,"tft",23,365
"2358",57,"random",23,2639
"2359",58,"coop",23,375
"2360",59,"random",23,2532
"2361",60,"coop",23,526
"2362",61,"coop",23,276
"2363",62,"tft",23,439
"2364",63,"defect",23,3565
"2365",64,"random",23,2533
"2366",65,"tft",23,467
"2367",66,"coop",23,350
"2368",67,"tft",23,452
"2369",68,"tft",23,403
"2370",69,"random",23,2348
"2371",70,"tft",23,327
"2372",71,"coop",23,346
"2373",72,"tft",23,590
"2374",73,"random",23,3307
"2375",74,"tft",23,454
"2376",75,"random",23,2492
"2377",76,"random",23,2627
"2378",77,"coop",23,287
"2379",78,"tft",23,385
"2380",79,"random",23,2612
"2381",80,"random",23,2462
"2382",81,"defect",23,3486
"2383",82,"random",23,2716
"2384",83,"random",23,2893
"2385",84,"random",23,2522
"2386",85,"coop",23,348
"2387",86,"coop",23,325
"2388",87,"random",23,2441
"2389",88,"tft",23,466
"2390",89,"defect",23,3308
"2391",90,"random",23,2576
"2392",91,"random",23,2310
"2393",92,"tft",23,393
"2394",93,"tft",23,526
"2395",94,"coop",23,313
"2396",95,"coop",23,440
"2397",96,"tft",23,380
"2398",97,"coop",23,280
"2399",98,"coop",23,353
"2400",99,"coop",23,305
"2401",0,"coop",24,365
"2402",1,"defect",24,3803
"2403",2,"random",24,2505
"2404",3,"random",24,2828
"2405",4,"tft",24,449
"2406",5,"random",24,2682
"2407",6,"defect",24,3542
"2408",7,"tft",24,394
"2409",8,"defect",24,3518
"2410",9,"random",24,2770
"2411",10,"coop",24,339
"2412",11,"tft",24,843
"2413",12,"tft",24,414
"2414",13,"tft",24,394
"2415",14,"defect",24,3570
"2416",15,"tft",24,422
"2417",16,"tft",24,406
"2418",17,"tft",24,459
"2419",18,"defect",24,3830
"2420",19,"defect",24,3533
"2421",20,"coop",24,330
"2422",21,"coop",24,333
"2423",22,"tft",24,444
"2424",23,"tft",24,346
"2425",24,"tft",24,439
"2426",25,"defect",24,3420
"2427",26,"tft",24,557
"2428",27,"random",24,2513
"2429",28,"defect",24,3804
"2430",29,"defect",24,3545
"2431",30,"tft",24,343
"2432",31,"random",24,2806
"2433",32,"random",24,2674
"2434",33,"tft",24,441
"2435",34,"defect",24,3819
"2436",35,"defect",24,3473
"2437",36,"random",24,2377
"2438",37,"defect",24,3716
"2439",38,"tft",24,368
"2440",39,"defect",24,3756
"2441",40,"tft",24,410
"2442",41,"coop",24,328
"2443",42,"defect",24,3839
"2444",43,"defect",24,3548
"2445",44,"random",24,2622
"2446",45,"coop",24,329
"2447",46,"defect",24,3693
"2448",47,"tft",24,353
"2449",48,"defect",24,3510
"2450",49,"random",24,2608
"2451",50,"defect",24,3400
"2452",51,"coop",24,315
"2453",52,"random",24,2485
"2454",53,"coop",24,371
"2455",54,"tft",24,881
"2456",55,"tft",24,353
"2457",56,"tft",24,365
"2458",57,"random",24,2717
"2459",58,"coop",24,375
"2460",59,"random",24,2618
"2461",60,"coop",24,526
"2462",61,"coop",24,276
"2463",62,"tft",24,439
"2464",63,"defect",24,3691
"2465",64,"random",24,2597
"2466",65,"tft",24,467
"2467",66,"coop",24,350
"2468",67,"tft",24,452
"2469",68,"tft",24,403
"2470",69,"random",24,2416
"2471",70,"tft",24,327
"2472",71,"coop",24,346
"2473",72,"tft",24,590
"2474",73,"random",24,3377
"2475",74,"tft",24,454
"2476",75,"random",24,2570
"2477",76,"random",24,2709
"2478",77,"coop",24,287
"2479",78,"tft",24,385
"2480",79,"random",24,2676
"2481",80,"random",24,2538
"2482",81,"defect",24,3592
"2483",82,"random",24,2816
"2484",83,"random",24,2975
"2485",84,"random",24,2586
"2486",85,"coop",24,348
"2487",86,"coop",24,325
"2488",87,"random",24,2501
"2489",88,"tft",24,466
"2490",89,"defect",24,3424
"2491",90,"random",24,2648
"2492",91,"random",24,2404
"2493",92,"tft",24,393
"2494",93,"tft",24,526
"2495",94,"coop",24,313
"2496",95,"coop",24,440
"2497",96,"tft",24,380
"2498",97,"coop",24,280
"2499",98,"coop",24,353
"2500",99,"coop",24,305
"2501",0,"coop",25,365
"2502",1,"defect",25,3919
"2503",2,"random",25,2591
"2504",3,"random",25,2914
"2505",4,"tft",25,449
"2506",5,"random",25,2764
"2507",6,"defect",25,3640
"2508",7,"tft",25,394
"2509",8,"defect",25,3622
"2510",9,"random",25,2848
"2511",10,"coop",25,339
"2512",11,"tft",25,843
"2513",12,"tft",25,414
"2514",13,"tft",25,394
"2515",14,"defect",25,3674
"2516",15,"tft",25,422
"2517",16,"tft",25,406
"2518",17,"tft",25,459
"2519",18,"defect",25,3962
"2520",19,"defect",25,3653
"2521",20,"coop",25,330
"2522",21,"coop",25,333
"2523",22,"tft",25,444
"2524",23,"tft",25,346
"2525",24,"tft",25,439
"2526",25,"defect",25,3524
"2527",26,"tft",25,557
"2528",27,"random",25,2609
"2529",28,"defect",25,3940
"2530",29,"defect",25,3671
"2531",30,"tft",25,343
"2532",31,"random",25,2880
"2533",32,"random",25,2750
"2534",33,"tft",25,441
"2535",34,"defect",25,3941
"2536",35,"defect",25,3597
"2537",36,"random",25,2441
"2538",37,"defect",25,3840
"2539",38,"tft",25,368
"2540",39,"defect",25,3878
"2541",40,"tft",25,410
"2542",41,"coop",25,328
"2543",42,"defect",25,3971
"2544",43,"defect",25,3656
"2545",44,"random",25,2670
"2546",45,"coop",25,329
"2547",46,"defect",25,3817
"2548",47,"tft",25,353
"2549",48,"defect",25,3624
"2550",49,"random",25,2700
"2551",50,"defect",25,3512
"2552",51,"coop",25,315
"2553",52,"random",25,2573
"2554",53,"coop",25,371
"2555",54,"tft",25,881
"2556",55,"tft",25,353
"2557",56,"tft",25,365
"2558",57,"random",25,2817
"2559",58,"coop",25,375
"2560",59,"random",25,2686
"2561",60,"coop",25,526
"2562",61,"coop",25,276
"2563",62,"tft",25,439
"2564",63,"defect",25,3829
"2565",64,"random",25,2663
"2566",65,"tft",25,467
"2567",66,"coop",25,350
"2568",67,"tft",25,452
"2569",68,"tft",25,403
"2570",69,"random",25,2474
"2571",70,"tft",25,327
"2572",71,"coop",25,346
"2573",72,"tft",25,590
"2574",73,"random",25,3457
"2575",74,"tft",25,454
"2576",75,"random",25,2638
"2577",76,"random",25,2805
"2578",77,"coop",25,287
"2579",78,"tft",25,385
"2580",79,"random",25,2734
"2581",80,"random",25,2620
"2582",81,"defect",25,3676
"2583",82,"random",25,2900
"2584",83,"random",25,3045
"2585",84,"random",25,2662
"2586",85,"coop",25,348
"2587",86,"coop",25,325
"2588",87,"random",25,2575
"2589",88,"tft",25,466
"2590",89,"defect",25,3528
"2591",90,"random",25,2724
"2592",91,"random",25,2498
"2593",92,"tft",25,393
"2594",93,"tft",25,526
"2595",94,"coop",25,313
"2596",95,"coop",25,440
"2597",96,"tft",25,380
"2598",97,"coop",25,280
"2599",98,"coop",25,353
"2600",99,"coop",25,305
